id,nick_name,primary_phone,title,first_name,last_name,qualifications,last_modified_user_id,last_modified_date,created_user_id,created_date
1,Enoch,"020 7253 3411",Mr,Enoch,Root,All,1,"2000-01-01 00:00:00",1,"2000-01-01 00:00:00"
2,Nadeem,"020 7253 3411",Mr,Nadeem,Ali,"MA MRCOphth FRCSEd (Ophth)",1,"2000-01-01 00:00:00",1,"2000-01-01 00:00:00"
3,Bruce,"020 7253 3411",Mr,Bruce,Allan,"MD FRCS FRCOphth",1,"2000-01-01 00:00:00",1,"2000-01-01 00:00:00"
4,Matthew,"020 7253 3411",Dr,Matthew,Allen,,1,"2000-01-01 00:00:00",1,"2000-01-01 00:00:00"
5,Sandip,"020 7253 3411",Dr,Sandip,Amin,FRCA,1,"2000-01-01 00:00:00",1,"2000-01-01 00:00:00"
6,Richard,"020 7253 3411",Mr,Richard,Andrews,"FRCOphth PhD",1,"2000-01-01 00:00:00",1,"2000-01-01 00:00:00"
7,Bill,"020 7253 3411",Mr,Bill,Aylward,"FRCS FRCOphth MD",1,"2000-01-01 00:00:00",1,"2000-01-01 00:00:00"
8,James,"020 7253 3411",Mr,James,Bainbridge,"MA PhD FRCOphth",1,"2000-01-01 00:00:00",1,"2000-01-01 00:00:00"
9,Keith,"020 7253 3411",Mr,Keith,Barton,"MD FRCP FRCS",1,"2000-01-01 00:00:00",1,"2000-01-01 00:00:00"
10,Michèle,"020 7253 3411",Ms,Michèle,Beaconsfield,"FRCS FRCOphth",1,"2000-01-01 00:00:00",1,"2000-01-01 00:00:00"
11,David,"020 7253 3411",Dr,David,Bessant,"MD FRCOphth",1,"2000-01-01 00:00:00",1,"2000-01-01 00:00:00"
12,John,"020 7253 3411",Mr,John,Brookes,FRCOphth,1,"2000-01-01 00:00:00",1,"2000-01-01 00:00:00"
13,Caroline,"020 7253 3411",Dr,Caroline,Carr,FRCA,1,"2000-01-01 00:00:00",1,"2000-01-01 00:00:00"
14,Nicoletta,"020 7253 3411",Mrs,Nicoletta,Catteruccia,FRCA,1,"2000-01-01 00:00:00",1,"2000-01-01 00:00:00"
15,David,"020 7253 3411",Mr,David,Celaschi,FRCA,1,"2000-01-01 00:00:00",1,"2000-01-01 00:00:00"
16,David,"020 7253 3411",Mr,David,Charteris,"MD FRCS FRCOphth",1,"2000-01-01 00:00:00",1,"2000-01-01 00:00:00"
17,Victoria,"020 7253 3411",Miss,Victoria,Cohen,"MA MB BChir FRCOphth",1,"2000-01-01 00:00:00",1,"2000-01-01 00:00:00"
18,Richard,"020 7253 3411",Mr,Richard,Collin,"MA FRCS FRCOphth DO",1,"2000-01-01 00:00:00",1,"2000-01-01 00:00:00"
19,Carol,"020 7253 3411",Ms,Carol,Cunningham,"FRCS FRCOphth",1,"2000-01-01 00:00:00",1,"2000-01-01 00:00:00"
20,Lyndon,"020 7253 3411",Mr,Lyndon,"da Cruz","MA FRCOphth PhD FRACO",1,"2000-01-01 00:00:00",1,"2000-01-01 00:00:00"
21,Claire,"020 7253 3411",Ms,Claire,Daniel,"BSc(Hons) FRCOphth",1,"2000-01-01 00:00:00",1,"2000-01-01 00:00:00"
22,Rhodri,"020 7253 3411",Mr,Rhodri,Daniel,"BSc FRCS FRCOphth DO",1,"2000-01-01 00:00:00",1,"2000-01-01 00:00:00"
23,John,"020 7253 3411",Mr,John,Dart,"MA DM FRCS FRCOphth",1,"2000-01-01 00:00:00",1,"2000-01-01 00:00:00"
24,Alison,"020 7253 3411",Miss,Alison,Davis,FRCOphth,1,"2000-01-01 00:00:00",1,"2000-01-01 00:00:00"
25,Parul,"020 7253 3411",Dr,Parul,Desai,"MSc PhD FRCS FRCOphth FFPH",1,"2000-01-01 00:00:00",1,"2000-01-01 00:00:00"
26,Jonathan,"020 7253 3411",Mr,Jonathan,Dowler,MD,1,"2000-01-01 00:00:00",1,"2000-01-01 00:00:00"
27,Catherine,"020 7253 3411",Ms,Catherine,Egan,,1,"2000-01-01 00:00:00",1,"2000-01-01 00:00:00"
28,Eric,"020 7253 3411",Mr,Eric,Ezra,"FRCS FRCOphth",1,"2000-01-01 00:00:00",1,"2000-01-01 00:00:00"
29,Linda,"020 7253 3411",Miss,Linda,Ficker,"FRCS FRCOphth",1,"2000-01-01 00:00:00",1,"2000-01-01 00:00:00"
30,Declan,"020 7253 3411",Mr,Declan,Flanagan,FRCOphth,1,"2000-01-01 00:00:00",1,"2000-01-01 00:00:00"
31,Paul,"020 7253 3411",Mr,Paul,Foster,"BMedSci(Hons) BM BS PhD FRCS(Ed)",1,"2000-01-01 00:00:00",1,"2000-01-01 00:00:00"
32,Wendy,"020 7253 3411",Ms,Wendy,Franks,"FRCS FRCOphth",1,"2000-01-01 00:00:00",1,"2000-01-01 00:00:00"
33,Lorna,"020 7253 3411",Dr,Lorna,Gallagher,,1,"2000-01-01 00:00:00",1,"2000-01-01 00:00:00"
34,Gus,"020 7253 3411",Mr,Gus,Gazzard,"MA MD MBBChir FRCOphth",1,"2000-01-01 00:00:00",1,"2000-01-01 00:00:00"
35,Zdenek,"020 7253 3411",Mr,Zdenek,Gregor,"FRCS FRCOphth",1,"2000-01-01 00:00:00",1,"2000-01-01 00:00:00"
36,Reena,"020 7253 3411",Ms,Reena,Hacking,,1,"2000-01-01 00:00:00",1,"2000-01-01 00:00:00"
37,Robin,"020 7253 3411",Mr,Robin,Hamilton,"MB BS DM FRCOphth",1,"2000-01-01 00:00:00",1,"2000-01-01 00:00:00"
38,Simon,"020 7253 3411",Mr,Simon,Horgan,"FRCS FRCOphth",1,"2000-01-01 00:00:00",1,"2000-01-01 00:00:00"
39,John,"020 7253 3411",Mr,John,Hungerford,FRCOphth,1,"2000-01-01 00:00:00",1,"2000-01-01 00:00:00"
40,Phil,"020 7253 3411",Mr,Phil,Hykin,FRCS,1,"2000-01-01 00:00:00",1,"2000-01-01 00:00:00"
41,Alexander,"020 7253 3411",Mr,Alexander,Ionides,"BSc FRCOphth MD",1,"2000-01-01 00:00:00",1,"2000-01-01 00:00:00"
42,Niaz,"020 7253 3411",Mr,Niaz,Islam,BSc,1,"2000-01-01 00:00:00",1,"2000-01-01 00:00:00"
43,Mohammed,"020 7253 3411",Dr,Mohammed,Kadim,FRCA,1,"2000-01-01 00:00:00",1,"2000-01-01 00:00:00"
44,Deborah,"020 7253 3411",Dr,Deborah,Kamal,"MD FRCOphth",1,"2000-01-01 00:00:00",1,"2000-01-01 00:00:00"
45,Peng,"020 7253 3411",Prof,Peng,Khaw,"FRCS FRCOphth",1,"2000-01-01 00:00:00",1,"2000-01-01 00:00:00"
46,Sai,"020 7253 3411",Mr,Sai,Kolli,MA(Cantab),1,"2000-01-01 00:00:00",1,"2000-01-01 00:00:00"
47,Frank,"020 7253 3411",Mr,Frank,Larkin,"MD FRCPI FRCOphth",1,"2000-01-01 00:00:00",1,"2000-01-01 00:00:00"
48,John,"020 7253 3411",Mr,John,Lee,"FRCS FRCOphth",1,"2000-01-01 00:00:00",1,"2000-01-01 00:00:00"
49,Brian,"020 7253 3411",Mr,Brian,Little,,1,"2000-01-01 00:00:00",1,"2000-01-01 00:00:00"
50,Jonathan,"020 7253 3411",Mr,Jonathan,Lord,FRCA,1,"2000-01-01 00:00:00",1,"2000-01-01 00:00:00"
51,Chris,"020 7253 3411",Prof,Chris,Lyons,"MB FRCS",1,"2000-01-01 00:00:00",1,"2000-01-01 00:00:00"
52,Robert,"020 7253 3411",Mr,Robert,Maclaren,"DPhil DipEd FRCS FRCOphth",1,"2000-01-01 00:00:00",1,"2000-01-01 00:00:00"
53,Rajiv,"020 7253 3411",Mr,Rajiv,Maini,"MBBS FRCOphth",1,"2000-01-01 00:00:00",1,"2000-01-01 00:00:00"
54,Vincenzo,"020 7253 3411",Mr,Vincenzo,Maurino,"MedC BQOphth",1,"2000-01-01 00:00:00",1,"2000-01-01 00:00:00"
55,Rutesh,"020 7253 3411",Dr,Rutesh,Mehta,,1,"2000-01-01 00:00:00",1,"2000-01-01 00:00:00"
56,Michel,"020 7253 3411",Mr,Michel,Michaelides,"BSc MB BS MD FRCOphth",1,"2000-01-01 00:00:00",1,"2000-01-01 00:00:00"
57,Michael,"020 7253 3411",Mr,Michael,Miller,"FRCS FRCOphth",1,"2000-01-01 00:00:00",1,"2000-01-01 00:00:00"
58,Miriam,"020 7253 3411",Ms,Miriam,Minihan,FRCOphth,1,"2000-01-01 00:00:00",1,"2000-01-01 00:00:00"
59,Christine,"020 7253 3411",Dr,Christine,Moore,FRCA,1,"2000-01-01 00:00:00",1,"2000-01-01 00:00:00"
60,Tony,"020 7253 3411",Prof,Tony,Moore,"FRCS FRCOphth",1,"2000-01-01 00:00:00",1,"2000-01-01 00:00:00"
61,Ian,"020 7253 3411",Dr,Ian,Murdoch,"MSc MD FRCOphth",1,"2000-01-01 00:00:00",1,"2000-01-01 00:00:00"
62,Winifred,"020 7253 3411",Ms,Winifred,Nolan,MBchB,1,"2000-01-01 00:00:00",1,"2000-01-01 00:00:00"
63,Narciss,"020 7253 3411",Dr,Narciss,Okhravi,BSc,1,"2000-01-01 00:00:00",1,"2000-01-01 00:00:00"
64,Bishwanath,"020 7253 3411",Mr,Bishwanath,Pal,"MBBS MSOphth FRCS(Ed) FRCOphth",1,"2000-01-01 00:00:00",1,"2000-01-01 00:00:00"
65,Maria,"020 7253 3411",Dr,Maria,Papadopoulos,"MB BS FRACO",1,"2000-01-01 00:00:00",1,"2000-01-01 00:00:00"
66,Himanshu,"020 7253 3411",Dr,Himanshu,Patel,"MBBS DO MS FRCS(Glsg)",1,"2000-01-01 00:00:00",1,"2000-01-01 00:00:00"
67,Carlos,"020 7253 3411",Dr,Carlos,Pavesio,MD,1,"2000-01-01 00:00:00",1,"2000-01-01 00:00:00"
68,Andrew,"020 7253 3411",Dr,Andrew,Presland,"MBBS FRCA",1,"2000-01-01 00:00:00",1,"2000-01-01 00:00:00"
69,Nick,"020 7253 3411",Dr,Nick,Pritchard,FRCA,1,"2000-01-01 00:00:00",1,"2000-01-01 00:00:00"
70,Nicola,"020 7253 3411",Ms,Nicola,Ragge,"MD FRCOphth FRCPCH",1,"2000-01-01 00:00:00",1,"2000-01-01 00:00:00"
71,Manish,"020 7253 3411",Dr,Manish,Raval,MD,1,"2000-01-01 00:00:00",1,"2000-01-01 00:00:00"
72,Ashwin,"020 7253 3411",Mr,Ashwin,Reddy,"MA MBBChir MD FRCOphth",1,"2000-01-01 00:00:00",1,"2000-01-01 00:00:00"
73,Geoffrey,"020 7253 3411",Mr,Geoffrey,Rose,"MS DSc MRCP FRCS FRCOphth",1,"2000-01-01 00:00:00",1,"2000-01-01 00:00:00"
74,Chad,"020 7253 3411",Mr,Chad,Rostron,FRCOphth,1,"2000-01-01 00:00:00",1,"2000-01-01 00:00:00"
75,Hein,"020 7253 3411",Dr,Hein,Ruschen,FRCA,1,"2000-01-01 00:00:00",1,"2000-01-01 00:00:00"
76,Mandeep,"020 7253 3411",Mr,Mandeep,Sagoo,"MB PhD MRCOphth FRCS(Ed)",1,"2000-01-01 00:00:00",1,"2000-01-01 00:00:00"
77,Alison,"020 7253 3411",Ms,Alison,Salt,"FRCPCH FRACP",1,"2000-01-01 00:00:00",1,"2000-01-01 00:00:00"
78,Valerie,"020 7253 3411",Ms,Valerie,Saw,"MB BS (Hons I) FRANZCO PhD",1,"2000-01-01 00:00:00",1,"2000-01-01 00:00:00"
79,Andrew,"020 7253 3411",Mr,Andrew,Sawczenko,,1,"2000-01-01 00:00:00",1,"2000-01-01 00:00:00"
80,Dilani,"020 7253 3411",Ms,Dilani,Siriwardena,FRCOphth,1,"2000-01-01 00:00:00",1,"2000-01-01 00:00:00"
81,John,"020 7253 3411",Mr,John,Sloper,"FRCS FRCOphth",1,"2000-01-01 00:00:00",1,"2000-01-01 00:00:00"
82,Myra,"020 7253 3411",Ms,Myra,Sloper,"MA MRCP FRCOphth",1,"2000-01-01 00:00:00",1,"2000-01-01 00:00:00"
83,Julian,"020 7253 3411",Mr,Julian,Stevens,"FRCS FRCOphth",1,"2000-01-01 00:00:00",1,"2000-01-01 00:00:00"
84,Paul,"020 7253 3411",Mr,Paul,Sullivan,"FRCS FRCOphth MD",1,"2000-01-01 00:00:00",1,"2000-01-01 00:00:00"
85,Graham,"020 7253 3411",Dr,Graham,Thompson,FRCOphth,1,"2000-01-01 00:00:00",1,"2000-01-01 00:00:00"
86,Ahmed,"020 7253 3411",Mr,Ahmed,Toosy,,1,"2000-01-01 00:00:00",1,"2000-01-01 00:00:00"
87,Adnan,"020 7253 3411",Dr,Adnan,Tufail,"FRCS FRCOphth",1,"2000-01-01 00:00:00",1,"2000-01-01 00:00:00"
88,Stephen,"020 7253 3411",Mr,Stephen,Tuft,MChir,1,"2000-01-01 00:00:00",1,"2000-01-01 00:00:00"
89,Jimmy,"020 7253 3411",Dr,Jimmy,Uddin,"MA FRCOphth",1,"2000-01-01 00:00:00",1,"2000-01-01 00:00:00"
90,David,"020 7253 3411",Mr,David,Verity,"MD MA(Oxon) FRCOphth",1,"2000-01-01 00:00:00",1,"2000-01-01 00:00:00"
91,Seema,"020 7253 3411",Miss,Seema,Verma,"MD FRCOphth",1,"2000-01-01 00:00:00",1,"2000-01-01 00:00:00"
92,Ananth,"020 7253 3411",Mr,Ananth,Viswanathan,"FRCOphth MD",1,"2000-01-01 00:00:00",1,"2000-01-01 00:00:00"
93,Andrew,"020 7253 3411",Mr,Andrew,Webster,"MD FRCOphth",1,"2000-01-01 00:00:00",1,"2000-01-01 00:00:00"
94,Mark,"020 7253 3411",Mr,Mark,Westcott,"MD FRCOphth",1,"2000-01-01 00:00:00",1,"2000-01-01 00:00:00"
95,Louisa,"020 7253 3411",Ms,Louisa,Wickham,"FRCOphth MSc MD",1,"2000-01-01 00:00:00",1,"2000-01-01 00:00:00"
96,Mark,"020 7253 3411",Mr,Mark,Wilkins,"MD FRCOphth",1,"2000-01-01 00:00:00",1,"2000-01-01 00:00:00"
97,Richard,"020 7253 3411",Mr,Richard,Wormald,"FRCS FRCOphth",1,"2000-01-01 00:00:00",1,"2000-01-01 00:00:00"
98,Jonathan,"020 7253 3411",Mr,Jonathan,Barnes,"FRCS FRCOphth",1,"2000-01-01 00:00:00",1,"2000-01-01 00:00:00"
99,Chris,"020 7253 3411",Mr,Chris,Child,"FRCS FRCOphth",1,"2000-01-01 00:00:00",1,"2000-01-01 00:00:00"
100,Jonathan,"020 7253 3411",Mr,Jonathan,Clarke,"FRCS FRCOphth",1,"2000-01-01 00:00:00",1,"2000-01-01 00:00:00"
101,Raj,"020 7253 3411",Mr,Raj,Das-Bhaumik,"FRCS FRCOphth",1,"2000-01-01 00:00:00",1,"2000-01-01 00:00:00"
102,David,"020 7253 3411",Mr,David,Gartry,"MD FRCS FRCOphth",1,"2000-01-01 00:00:00",1,"2000-01-01 00:00:00"
103,David,"020 7253 3411",Mr,David,Garway-Heath,"FRCS FRCOphth",1,"2000-01-01 00:00:00",1,"2000-01-01 00:00:00"
105,Melanie,"020 7253 3411",Miss,Melanie,Hingorani,"FRCS FRCOphth",1,"2000-01-01 00:00:00",1,"2000-01-01 00:00:00"
106,Emma,"020 7253 3411",Miss,Emma,Jones,"FRCS FRCOphth",1,"2000-01-01 00:00:00",1,"2000-01-01 00:00:00"
107,Jaheed,"020 7253 3411",Mr,Jaheed,Khan,"FRCS FRCOphth",1,"2000-01-01 00:00:00",1,"2000-01-01 00:00:00"
108,Susan,"020 7253 3411",Prof,Susan,Lightman,"FRCS FRCOphth",1,"2000-01-01 00:00:00",1,"2000-01-01 00:00:00"
109,Praveen,"020 7253 3411",Mr,Praveen,Patel,"FRCS FRCOphth",1,"2000-01-01 00:00:00",1,"2000-01-01 00:00:00"
110,Gordon,"020 7253 3411",Mr,Gordon,Plant,"FRCS FRCOphth",1,"2000-01-01 00:00:00",1,"2000-01-01 00:00:00"
111,Yassir,"0207 253 3411",Mr,Yassir,Abou-Rayyah,"FRCS FRCOphth",1,"2000-01-01 00:00:00",1,"2000-01-01 00:00:00"
112,James,"020 7253 3411",Mr,James,Acheson,"FRCS FRCOphth",1,"2000-01-01 00:00:00",1,"2000-01-01 00:00:00"
113,Gill,"020 7253 3411",Miss,Gill,Adams,"FRCS FRCOphth",1,"2000-01-01 00:00:00",1,"2000-01-01 00:00:00"
115,Kildare,"0123 456 789",Dr,James,Kildare,Acting,1,"2000-01-01 00:00:00",1,"2000-01-01 00:00:00"
116,Who,"0123 456 789",Dr,A,Who,"Sonic Screwdriver",1,"2000-01-01 00:00:00",1,"2000-01-01 00:00:00"
117,Zhivago,"0123 456 789",Dr,Yuri,Zhivago,Poetry,1,"2000-01-01 00:00:00",1,"2000-01-01 00:00:00"
